age,employ,address,income,debtinc,creddebt,othdebt,ed,default
41,17,12,176,9.3,11.359392,5.008608,3,1
27,10,6,31,17.3,1.362202,4.000798,1,0
40,15,7,,5.5,0.856075,2.168925,1,0
41,15,14,120,2.9,2.65872,0.82128,,0
24,2,0,28,17.3,1.787436,3.056564,2,1
41,5,5,25,10.2,0.3927,2.1573,2,0
39,20,9,,30.6,3.833874,16.668126,1,0
,12,11,38,3.6,0.128592,1.239408,1,0
24,3,4,19,24.4,1.358348,3.277652,1,1
36,0,13,25,19.7,2.7777,2.1473,1,0
27,0,1,16,1.7,0.182512,0.089488,1,0
25,4,0,23,5.2,0.252356,0.943644,1,0
52,24,14,64,10,3.9296,2.4704,1,0
37,6,9,29,16.3,1.715901,3.011099,1,0
48,22,15,100,9.1,3.7037,5.3963,1,0
36,9,6,49,8.6,0.817516,3.396484,2,1
36,13,6,41,16.4,2.918216,3.805784,2,1
43,23,19,72,7.6,1.181952,4.290048,1,0
39,6,9,61,5.7,0.563274,2.913726,1,0
,0,21,26,1.7,0.099008,0.342992,,0
39,22,3,52,3.2,1.154816,0.509184,1,0
47,17,21,43,5.6,0.587552,1.820448,1,0
28,3,6,26,10,0.4316,2.1684,1,0
29,8,6,27,9.8,0.402192,2.243808,1,0
21,1,2,16,18,0.24192,2.63808,,1
25,0,2,,17.6,2.14016,3.49184,4,0
45,9,26,69,6.7,0.707319,3.915681,2,0
43,25,21,64,16.7,0.951232,9.736768,1,0
33,12,8,58,18.4,3.084208,7.587792,2,0
26,2,1,37,14.2,0.204906,5.049094,3,0
45,3,15,20,2.1,0.105,0.315,1,0
30,1,10,22,10.5,1.13883,1.17117,1,0
27,2,7,26,6,0.72228,0.83772,,0
25,8,4,27,14.4,1.018656,2.869344,1,0
25,8,1,35,2.9,0.07714,0.93786,1,0
26,6,7,45,26,6.0489,5.6511,2,0
30,10,4,22,16.1,1.409716,2.132284,2,0
32,12,1,,14.4,3.195936,4.580064,2,0
28,1,8,24,17.1,1.337904,2.766096,,1
45,23,5,50,4.2,0.5586,1.5414,1,0
23,7,2,31,6.6,0.33759,1.70841,1,0
34,17,3,59,8,1.80776,2.91224,1,0
42,7,23,41,4.6,0.941114,0.944886,2,0
39,19,5,48,13.1,1.930416,4.357584,1,0
26,0,0,14,7.5,0.3024,0.7476,1,1
21,0,1,16,6.8,0.150144,0.937856,2,0
35,13,15,35,4.5,0.43155,1.14345,1,0
47,4,2,26,10.4,0.12168,2.58232,1,0
23,0,2,21,11.4,0.775656,1.618344,2,1
35,18,2,42,7.4,0.205128,2.902872,1,0
34,2,11,25,12.6,0.5733,2.5767,1,1
46,1,12,20,14,0.8092,1.9908,1,0
46,16,18,52,12.9,3.032016,3.675984,1,1
38,3,18,25,3.7,0.311725,0.613275,,0
40,3,2,28,9.5,0.55328,2.10672,2,0
37,1,3,24,15.1,1.801128,1.822872,1,1
35,9,1,34,5,0.3978,1.3022,1,0
,16,13,69,2.4,1.061496,0.594504,2,0
40,18,6,100,2.5,1.485,1.015,3,0
50,10,20,80,12.2,2.47904,7.28096,3,0
31,9,10,28,2.4,0.047712,0.624288,1,0
29,13,1,42,7.4,1.457652,1.650348,1,1
37,4,0,23,12.4,0.86986,1.98214,1,0
33,4,9,55,7,2.15985,1.69015,2,0
,5,7,28,7.8,1.024296,1.159704,2,0
32,11,6,,23.3,7.7589,9.7161,2,1
28,2,3,23,6.4,0.186944,1.285056,2,1
39,19,8,46,9.1,2.515786,1.670214,1,0
28,8,3,31,8.2,1.492154,1.049846,2,1
29,1,2,20,18.6,0.56916,3.15084,1,1
34,3,8,21,23.1,1.401939,3.449061,2,0
28,5,9,34,23.8,3.099236,4.992764,2,0
47,26,21,100,12.8,4.5824,8.2176,1,0
43,1,5,,10.6,1.518556,1.237444,3,0
41,13,10,44,1.7,0.07106,0.67694,1,0
47,13,25,51,23.8,3.738504,8.399496,1,0
24,2,1,21,0.6,0.025074,0.100926,1,0
29,1,9,17,6.7,0.157182,0.981818,1,0
33,14,2,37,2.6,0.199134,0.762866,1,0
,15,10,39,3.2,0.6864,0.5616,1,0
26,4,3,27,10.5,2.47212,0.36288,1,1
31,11,12,45,17,2.7387,4.9113,1,0
37,7,3,32,19.6,2.69696,3.57504,1,0
35,4,16,29,11,1.84382,1.34618,4,0
26,4,3,20,5.4,0.3186,0.7614,1,0
40,10,15,45,18.8,2.01348,6.44652,1,0
29,5,4,36,12.4,3.490848,0.973152,2,1
37,5,17,29,24.6,1.405398,5.728602,3,0
32,12,12,28,2.9,0.116116,0.695884,1,0
23,0,1,17,27.7,2.043706,2.665294,2,1
32,3,10,23,6.2,0.052762,1.373238,1,0
25,1,6,15,11.4,0.37107,1.33893,1,1
38,5,5,54,10.6,1.499688,4.224312,1,0
32,0,6,18,5.8,0.296496,0.747504,2,1
41,2,0,15,26.3,1.960665,1.984335,3,1
36,17,6,,4.4,0.727056,1.648944,1,0
42,13,0,82,3.3,1.315116,1.390884,,0
41,14,8,52,7.3,0.926224,2.869776,1,0
29,4,9,19,6.3,0.681093,0.515907,2,0
38,4,6,31,9.3,1.331946,1.551054,3,1
39,22,9,113,2.6,0.987168,1.950832,1,0
36,6,9,26,8.3,0.030212,2.127788,1,0
33,8,7,27,5.8,0.776736,0.789264,1,0
42,21,11,121,3.1,1.365364,2.385636,2,0
41,22,17,75,23.6,9.8766,7.8234,2,0
40,8,17,28,3.6,0.53424,0.47376,1,0
53,9,18,50,11.2,2.016,3.584,1,1
28,4,7,26,13.5,1.29519,2.21481,1,0
36,12,13,60,7.9,1.72062,3.01938,2,0
34,9,13,45,10.1,1.11807,3.42693,2,0
45,2,5,39,4.9,0.45864,1.45236,3,0
38,6,0,41,8.9,0.266377,3.382623,1,0
21,0,2,24,7.7,0.833448,1.014552,3,0
42,12,11,51,21.4,2.411994,8.502006,,0
,16,25,64,8.6,1.865856,3.638144,1,0
25,4,6,33,5.2,0.552552,1.163448,2,0
34,9,9,65,6.2,2.10769,1.92231,2,0
40,15,16,73,3.4,1.032512,1.449488,2,0
31,0,4,27,12.8,1.08864,2.36736,2,1
25,1,0,20,6.7,0.47168,0.86832,1,1
45,12,19,37,9.5,1.34273,2.17227,1,0
23,3,0,19,8.4,0.2793,1.3167,1,1
34,6,3,27,35.3,1.982448,7.548552,4,1
31,2,4,22,12.7,1.092454,1.701546,1,1
28,5,9,22,2.8,0.140448,0.475552,1,0
41,7,11,43,4.4,0.694364,1.197636,1,0
39,7,2,68,13,1.0166,7.8234,2,1
29,9,3,36,1.4,0.127008,0.376992,2,0
21,5,1,25,9,0.36675,1.88325,1,0
41,19,2,68,5.8,1.506608,2.437392,2,0
26,1,7,27,2.9,0.311634,0.471366,4,0
33,5,10,18,12.9,0.984528,1.337472,1,0
45,18,19,35,17.4,0.5481,5.5419,2,0
39,17,20,60,13.7,2.44956,5.77044,1,0
24,7,2,21,6.3,0.519939,0.803061,1,0
29,6,7,57,2.2,0.452694,0.801306,2,0
27,1,0,23,12.4,0.2852,2.5668,2,0
40,13,2,28,5.9,0.964768,0.687232,,0
29,8,10,,6.7,0.469536,1.138464,1,0
,4,3,37,6.6,1.15995,1.28205,2,1
24,0,2,16,16,1.00864,1.55136,1,1
27,9,6,45,17.8,2.85156,5.15844,1,1
41,16,22,135,4.4,1.2771,4.6629,3,0
31,11,8,25,9.1,0.14105,2.13395,1,0
41,16,17,68,5.4,0.447984,3.224016,1,0
42,5,3,41,3.4,0.35547,1.03853,2,0
28,1,3,26,12.4,0.377208,2.846792,4,0
30,2,8,25,10,1.77,0.73,4,0
30,11,1,33,8.4,0.681912,2.090088,1,0
31,8,4,44,8,1.72128,1.79872,1,0
45,15,14,51,18.1,1.550808,7.680192,2,0
43,13,23,76,6.1,2.151104,2.484896,1,1
36,4,10,23,16.3,1.327146,2.421854,1,0
28,8,6,30,7.2,0.61344,1.54656,1,0
27,3,5,33,13.2,1.6335,2.7225,2,0
36,13,3,39,19.2,2.800512,4.687488,3,0
33,12,11,32,11.3,2.104512,1.511488,1,0
54,9,2,28,14.8,1.558144,2.585856,1,1
33,9,4,,13.8,1.348674,2.653326,1,1
31,9,5,26,4.5,0.31005,0.85995,1,0
21,4,0,26,8.9,1.420796,0.893204,1,0
28,5,9,44,8.7,0.773256,3.054744,3,0
31,2,1,26,6.8,0.28288,1.48512,2,1
32,8,6,26,4.1,0.326196,0.739804,1,0
35,1,8,24,12.5,0.591,2.409,2,1
40,13,11,102,18.9,6.226794,13.051206,2,1
22,4,2,24,15.6,1.636128,2.107872,1,1
39,4,9,38,6.5,1.17819,1.29181,1,0
41,14,3,44,1.7,0.353056,0.394944,4,0
34,16,9,79,4,1.73484,1.42516,1,0
29,7,9,22,9.7,0.550572,1.583428,1,0
31,4,10,28,11.3,0.291088,2.872912,1,0
32,1,0,20,4.8,0.31488,0.64512,1,1
,14,7,73,8.8,3.751616,2.672384,1,0
33,6,14,21,7.5,0.567,1.008,1,0
26,6,0,22,10.3,0.720588,1.545412,1,0
21,1,1,18,17.3,0.158814,2.955186,1,0
28,7,2,34,7,0.35938,2.02062,2,0
37,13,5,24,8.9,0.602352,1.533648,1,0
33,2,14,35,22.9,2.123975,5.891025,2,1
39,12,10,46,5,0.5612,1.7388,1,0
40,8,19,57,5.6,0.8778,2.3142,2,0
45,16,21,80,3,0.912,1.488,3,0
27,10,6,34,6.5,0.85085,1.35915,1,0
28,0,7,29,24.2,1.424654,5.593346,4,0
,13,9,27,8,0.96552,1.19448,1,0
40,14,21,43,15,2.79285,3.65715,1,1
27,11,8,,16.9,4.63736,4.82664,1,0
36,1,4,16,9.3,0.433008,1.054992,1,0
55,19,2,78,15.6,4.404816,7.763184,1,0
27,4,3,22,13.2,1.086096,1.817904,2,1
30,1,8,17,11,0.74613,1.12387,1,0
36,10,0,28,11.2,0.81536,2.32064,1,1
31,1,6,21,2.5,0.2772,0.2478,1,1
33,13,2,40,7.2,0.18144,2.69856,2,0
30,4,0,33,4.2,0.500346,0.885654,1,0
24,1,0,18,5.9,0.23895,0.82305,1,1
33,9,10,28,4.3,0.376852,0.827148,4,0
,8,27,47,6.9,0.398889,2.844111,1,0
31,6,6,32,23.1,3.341184,4.050816,2,1
28,3,7,19,4.1,0.260965,0.518035,1,0
,8,10,88,6.1,0.284504,5.083496,3,1
48,3,23,45,9.8,0.97461,3.43539,4,0
36,0,17,30,9.7,0.32883,2.58117,2,0
29,7,1,63,5.5,0.571725,2.893275,3,0
40,17,11,116,6,2.56128,4.39872,3,0
33,7,6,26,6,0.54288,1.01712,1,0
26,6,6,30,1,0.1437,0.1563,2,0
36,14,11,81,7.2,1.784592,4.047408,1,0
26,6,0,35,1.9,0.085785,0.579215,2,0
40,16,6,116,12.1,1.61414,12.42186,3,0
44,5,3,48,9,1.96992,2.35008,1,1
29,1,10,30,4.5,0.27945,1.07055,3,0
35,5,3,37,5.4,0.581418,1.416582,3,1
34,16,3,75,10.4,3.9546,3.8454,,0
34,12,8,47,6.7,1.300537,1.848463,3,0
46,14,25,35,10.2,1.34946,2.22054,1,0
41,21,22,145,12.2,3.23727,14.45273,2,0
,7,8,30,4,0.4476,0.7524,2,1
27,0,6,70,8,1.6184,3.9816,4,1
28,11,6,24,2.4,0.107136,0.468864,1,0
48,0,27,19,10.8,0.849528,1.202472,3,0
48,17,26,113,12,3.37644,10.18356,3,0
29,5,6,70,19.9,3.17604,10.75396,3,1
43,9,5,60,20.4,4.0392,8.2008,2,1
23,5,2,17,7.9,0.302175,1.040825,1,0
29,10,8,44,18.1,3.70326,4.26074,2,0
40,5,6,75,1.9,0.884925,0.540075,4,0
22,0,3,20,5.6,0.2072,0.9128,2,0
23,7,3,22,14.4,0.849024,2.318976,1,0
46,9,10,60,15.3,1.6065,7.5735,3,0
55,3,11,40,8,0.5632,2.6368,1,1
38,8,16,38,0.6,0.029412,0.198588,2,0
35,5,1,33,2.8,0.103488,0.820512,2,0
30,11,9,27,0.9,0.073872,0.169128,1,0
24,7,0,18,6.5,0.5265,0.6435,1,0
,4,3,28,9.5,0.2261,2.4339,2,0
32,2,11,15,9.1,0.118755,1.246245,2,1
37,11,4,75,3.5,0.632625,1.992375,2,0
39,6,19,42,19.9,2.540832,5.817168,1,1
30,4,4,21,18.3,0.491904,3.351096,,0
30,10,11,39,9.5,2.056275,1.648725,1,0
32,7,10,32,4.3,0.43344,0.94256,2,0
54,21,20,118,14.4,9.60048,7.39152,3,0
27,3,4,35,13.3,1.60132,3.05368,3,0
31,12,4,31,23.7,2.05716,5.28984,1,0
39,15,16,39,1.8,0.139698,0.562302,1,0
31,5,3,25,14.1,1.17735,2.34765,1,0
35,15,11,40,18.5,1.2136,6.1864,1,0
35,10,16,98,13.3,4.874716,8.159284,2,0
46,22,17,144,11.1,3.324672,12.659328,2,0
33,13,3,52,21.3,2.71362,8.36238,1,1
,13,3,105,1.9,1.418445,0.576555,2,0
35,1,1,21,7.9,0.369957,1.289043,2,0
38,5,13,21,9,0.44982,1.44018,1,0
41,19,1,,7.8,2.253888,5.234112,1,0
38,18,19,44,4.5,0.60588,1.37412,1,0
34,2,14,39,13.2,1.142856,4.005144,3,0
51,16,25,82,4.4,2.604976,1.003024,3,0
34,10,2,33,9.5,0.573705,2.561295,2,0
47,15,1,30,24.5,2.21235,5.13765,1,0
34,8,6,78,5.4,2.156544,2.055456,2,0
27,8,7,18,11.9,0.400554,1.741446,2,0
52,9,11,24,19.2,0.801792,3.806208,1,1
39,9,6,35,5,0.23275,1.51725,1,0
33,7,0,22,6.4,0.630784,0.777216,1,0
34,0,1,21,7.2,0.187488,1.324512,1,0
31,9,7,59,14.6,3.109654,5.504346,3,1
28,2,9,16,15.2,0.870656,1.561344,1,0
39,19,16,45,3.7,0.91575,0.74925,1,0
51,22,23,120,7.6,4.14048,4.97952,2,0
22,4,1,16,1.2,0.08448,0.10752,1,0
27,6,4,26,10.4,0.930176,1.773824,3,0
32,16,10,38,21,0.69426,7.28574,1,0
28,6,7,38,7.2,0.774288,1.961712,2,0
27,1,0,20,10.3,0.37698,1.68302,2,1
26,2,6,24,13.6,1.576512,1.687488,2,1
32,14,0,,2.4,0.273024,0.590976,1,0
30,0,11,17,3.7,0.44659,0.18241,1,1
39,13,1,38,8.9,1.897302,1.484698,1,0
31,11,6,,4.8,0.345408,0.998592,1,1
34,15,2,39,24.7,4.373382,5.259618,1,1
31,8,3,41,12.6,0.134316,5.031684,1,0
29,1,7,25,10.4,0.5694,2.0306,2,0
29,9,0,25,13.9,1.0703,2.4047,1,0
35,9,16,30,7.6,0.6498,1.6302,2,0
29,11,7,32,6,0.92736,0.99264,1,0
38,2,16,22,22.7,1.208548,3.785452,2,1
35,16,15,36,3.4,0.178704,1.045296,1,0
29,11,5,36,6.1,0.709308,1.486692,1,0
23,3,4,34,4.4,0.2618,1.2342,2,0
33,9,8,32,5.5,0.49632,1.26368,,0
51,19,25,159,2.8,1.06848,3.38352,2,0
24,4,2,21,2.6,0.099372,0.446628,1,0
31,10,12,49,9.8,3.236548,1.565452,1,1
45,10,14,52,5.4,0.932256,1.875744,1,0
29,3,1,17,9,0.46971,1.06029,1,0
34,0,10,20,17.1,2.04858,1.37142,1,0
25,4,5,27,5,0.54945,0.80055,2,1
37,20,2,56,1.9,0.54264,0.52136,1,0
47,29,18,129,25.3,20.56131,12.07569,1,1
43,6,24,54,9.6,0.62208,4.56192,2,0
47,22,19,81,5.5,1.50579,2.94921,1,0
24,6,2,21,5.2,0.108108,0.983892,1,0
27,5,1,75,6.3,2.206575,2.518425,3,0
25,9,4,18,1.2,0.06588,0.15012,1,0
36,11,12,44,14.7,0.446292,6.021708,3,0
,16,20,57,19.4,1.559178,9.498822,1,0
26,10,1,25,7.1,1.3064,0.4686,1,0
41,4,19,25,10.1,1.0605,1.4645,1,0
39,19,15,60,27.1,9.5934,6.6666,,1
37,18,8,54,12.1,4.593402,1.940598,1,0
29,2,0,14,14.4,0.586656,1.429344,1,1
42,6,9,31,11.6,1.02486,2.57114,1,0
31,1,6,29,11.1,1.065489,2.153511,4,0
36,4,15,17,17.3,0.520557,2.420443,1,0
39,16,4,52,20,4.16,6.24,1,0
23,0,2,23,6.7,0.468464,1.072536,4,0
39,4,15,33,7,0.39732,1.91268,1,0
27,4,1,40,3.1,0.28396,0.95604,3,1
24,8,4,24,5,0.3816,0.8184,1,0
27,3,4,45,11,0.29205,4.65795,3,1
41,16,22,49,1.6,0.4312,0.3528,1,0
38,0,8,23,8.1,0.897966,0.965034,1,1
40,5,12,35,16.4,1.58424,4.15576,2,1
54,25,12,120,26.5,14.5962,17.2038,1,1
40,12,6,89,17.4,2.771994,12.714006,1,0
40,2,4,32,3.7,0.853664,0.330336,1,0
29,1,8,31,8,0.15624,2.32376,1,0
30,8,6,23,12,0.76176,1.99824,1,0
29,1,1,18,1.1,0.029898,0.168102,1,0
29,3,3,,2.4,0.2592,0.9408,3,1
28,2,4,41,2.5,0.4592,0.5658,4,1
28,0,5,38,10.4,0.636272,3.315728,4,0
39,16,9,89,14.3,5.001711,7.725289,2,0
32,11,2,53,3.3,0.089199,1.659801,1,0
36,7,16,43,15.4,2.6488,3.9732,2,0
39,20,12,39,8.2,0.773916,2.424084,1,0
28,6,8,47,19.8,5.574294,3.731706,3,1
28,4,2,28,14.2,0.43736,3.53864,1,1
46,6,19,31,12.2,1.98555,1.79645,1,0
30,4,8,15,6.5,0.350025,0.624975,,0
39,15,19,32,4.9,0.421792,1.146208,2,0
40,5,3,220,16,8.1664,27.0336,3,1
44,18,4,74,13.4,4.521696,5.394304,2,0
30,0,8,19,16.6,0.624492,2.529508,1,1
24,3,0,19,4.3,0.358663,0.458337,2,0
32,10,13,32,11.3,1.167968,2.448032,1,0
29,3,8,15,2.6,0.14664,0.24336,2,0
40,2,1,36,3.8,0.277704,1.090296,2,0
41,8,21,43,0.7,0.085785,0.215215,2,0
22,1,3,,18.6,0.80631,2.35569,1,0
,10,8,34,1.2,0.036312,0.371688,1,0
37,6,13,62,8.5,1.18575,4.08425,2,0
41,18,6,71,15.7,6.565583,4.581417,3,1
41,7,6,56,14.5,0.37352,7.74648,3,1
39,2,15,22,23.1,1.915914,3.166086,1,1
24,0,2,15,16.1,0.321195,2.093805,2,1
32,9,10,51,23,2.68617,9.04383,3,0
21,0,1,26,7.7,1.529528,0.472472,3,0
29,13,7,27,2.3,0.068931,0.552069,1,0
35,14,3,82,0.8,0.468384,0.187616,2,0
29,6,7,21,18.1,1.109892,2.691108,1,0
41,2,22,30,6.7,0.11256,1.89744,,0
37,0,18,18,12.9,1.583604,0.738396,1,1
32,3,13,47,1.9,0.42864,0.46436,2,0
36,5,12,20,8.1,0.729,0.891,5,0
39,18,9,44,2.1,0.367752,0.556248,2,0
36,18,9,67,11.2,5.245296,2.258704,1,0
46,22,4,99,2.3,0.826551,1.450449,3,0
34,13,11,51,9.6,1.875168,3.020832,1,0
27,7,4,,9.1,0.641186,1.724814,1,0
43,8,11,45,3.3,0.67716,0.80784,1,0
33,14,8,72,41.3,15.01668,14.71932,1,1
39,20,17,101,1.4,0.340774,1.073226,2,0
29,1,4,17,2.5,0.13175,0.29325,1,0
34,7,15,40,6.4,0.94976,1.61024,4,0
26,1,0,21,4.9,0.608139,0.420861,1,0
31,15,2,60,4.8,0.80352,2.07648,1,0
26,10,6,24,2.7,0.31104,0.33696,1,0
28,12,7,45,7.7,1.853775,1.611225,1,0
48,13,20,50,30.8,6.1138,9.2862,1,1
39,2,12,46,16,4.00384,3.35616,2,1
37,3,3,25,3.7,0.27565,0.64935,1,0
52,9,0,70,9.4,1.32916,5.25084,5,1
48,3,11,27,21.3,1.403244,4.347756,1,0
26,7,3,22,5.1,0.208692,0.913308,1,0
46,15,0,126,3.1,0.476532,3.429468,5,0
31,7,10,23,4.9,0.2254,0.9016,,0
34,13,8,56,6.1,0.864248,2.551752,1,0
40,22,4,95,3.6,0.6327,2.7873,1,0
24,2,5,,6.4,0.270336,0.753664,3,1
33,2,14,44,3.1,0.52514,0.83886,1,0
53,5,29,78,17.3,6.935916,6.558084,4,1
47,9,1,,20.1,2.539836,7.912164,3,1
35,5,5,32,13,0.17472,3.98528,1,0
34,14,8,28,17,1.13764,3.62236,1,0
49,11,5,,10.1,2.457936,1.481064,1,0
26,0,7,28,9.3,1.270752,1.333248,2,0
23,2,2,16,9.6,0.804864,0.731136,1,1
23,0,4,21,8.7,0.454923,1.372077,2,0
38,4,13,56,1.6,0.441728,0.454272,2,0
28,5,2,37,8.3,1.123986,1.947014,2,0
30,0,8,65,29.7,3.89961,15.40539,3,1
34,18,10,34,15.4,2.099636,3.136364,1,0
50,16,14,71,11.1,1.662891,6.218109,2,0
29,12,2,40,6.7,1.63212,1.04788,1,0
42,0,9,64,6.6,0.278784,3.945216,3,0
31,13,12,27,5,0.2376,1.1124,1,0
39,10,4,31,4.8,0.184512,1.303488,1,0
45,21,26,132,3,2.55816,1.40184,2,0
45,22,24,91,11.7,1.256346,9.390654,1,0
36,14,17,53,5.7,1.888125,1.132875,1,0
25,0,6,,12.1,1.5972,1.3068,4,1
29,1,7,29,21.2,2.330092,3.817908,2,1
30,8,4,56,6.4,0.333312,3.250688,2,0
31,1,1,,4.5,0.21708,0.86292,1,0
43,4,2,29,4.6,0.05336,1.28064,1,0
32,11,4,57,23.8,5.439966,8.126034,2,1
47,19,7,50,30.1,3.17555,11.87445,1,0
46,1,15,21,14.8,1.376844,1.731156,1,1
43,16,10,83,4.1,0.258628,3.144372,2,0
48,3,7,24,7,0.7644,0.9156,1,0
30,8,7,61,2.8,0.549976,1.158024,3,0
23,0,4,32,18.4,0.818432,5.069568,4,1
36,8,0,32,1.6,0.024576,0.487424,4,0
20,0,1,17,2.3,0.043792,0.347208,,0
43,16,7,89,0.4,0.159488,0.196512,1,0
23,2,1,25,4.5,0.12375,1.00125,1,1
41,21,2,76,20.5,6.94868,8.63132,1,0
34,12,5,,25.1,7.817144,9.250856,1,1
50,11,5,36,4.8,0.834624,0.893376,1,0
40,9,4,64,6.6,0.789888,3.434112,1,0
29,0,8,22,12.9,1.038708,1.799292,2,1
,9,16,56,18.7,4.76476,5.70724,2,0
24,1,2,42,5.7,0.8379,1.5561,2,0
27,0,5,16,1.1,0.130416,0.045584,1,0
40,18,14,157,6.6,3.326202,7.035798,3,0
32,8,2,45,3.7,0.98235,0.68265,2,0
39,16,12,53,3.7,0.694194,1.266806,2,0
40,22,1,100,14.6,5.402,9.198,1,0
32,10,11,42,9.1,1.540266,2.281734,1,0
39,23,1,75,18.9,3.132675,11.042325,1,0
24,3,3,21,28.9,2.682498,3.386502,1,1
43,18,14,446,6.5,16.03147,12.95853,4,1
56,11,20,59,15,4.6728,4.1772,1,0
32,5,9,23,4.5,0.326025,0.708975,3,0
42,7,12,,10.2,1.62945,0.92055,1,0
46,3,13,43,13.2,3.042336,2.633664,3,1
31,2,2,22,16.4,1.739056,1.868944,,1
43,25,16,242,2.6,1.63592,4.65608,1,0
28,6,9,22,11.5,0.65021,1.87979,2,0
39,11,17,39,12.9,2.560779,2.470221,3,0
39,0,8,39,7.9,1.066026,2.014974,1,0
37,1,14,33,16.1,2.693691,2.619309,4,1
30,0,11,17,12,0.30396,1.73604,1,0
37,9,16,177,5.9,0.887655,9.555345,5,0
22,4,3,14,17.5,0.2254,2.2246,1,0
50,1,26,26,14.3,1.851564,1.866436,1,0
30,10,2,19,4.4,0.336072,0.499928,1,0
39,8,0,21,4,0.27636,0.56364,1,0
21,0,2,21,12.5,0.48825,2.13675,2,1
31,9,2,28,2.6,0.121576,0.606424,3,0
31,9,1,30,5.8,0.60204,1.13796,2,0
48,0,23,30,22.3,2.66262,4.02738,1,0
28,4,1,16,23.8,1.08528,2.72272,1,0
47,16,26,221,17.6,15.791776,23.104224,3,1
27,6,1,34,4.4,0.237864,1.258136,2,0
29,6,10,65,18.4,1.98536,9.97464,2,0
21,2,0,20,4.5,0.2907,0.6093,2,1
29,7,5,20,19.8,1.00584,2.95416,3,1
24,0,3,29,6.6,0.589512,1.324488,4,1
44,12,3,,9.7,0.357833,2.649167,1,0
22,1,0,,4.4,0.270072,0.521928,1,0
38,13,0,59,2.4,0.407808,1.008192,2,0
52,12,16,76,7.7,0.99484,4.85716,2,0
25,3,2,18,16.3,0.35208,2.58192,1,1
25,5,5,22,10.9,0.402864,1.995136,1,0
51,27,21,166,11.5,0.82087,18.26913,2,0
38,21,16,58,16.5,4.58403,4.98597,1,0
44,9,20,33,5.2,0.545688,1.170312,1,0
24,2,3,26,9.7,0.887744,1.634256,2,1
34,5,3,33,7.3,0.778107,1.630893,1,0
25,6,2,26,4.5,0.0702,1.0998,2,0
45,5,17,94,10.5,3.61242,6.25758,3,1
34,4,10,25,5.8,0.56985,0.88015,2,0
27,2,8,23,5.7,0.319884,0.991116,4,1
33,10,13,57,20.9,6.111369,5.801631,2,1
35,0,16,22,15,1.9701,1.3299,2,1
50,15,31,60,1.1,0.46794,0.19206,2,0
33,13,13,42,3.6,0.228312,1.283688,1,0
41,13,13,,25.2,2.316132,20.615868,3,1
28,0,2,28,33.3,2.28438,7.03962,1,1
38,12,14,63,16,5.71536,4.36464,3,1
25,3,2,16,17.8,1.01104,1.83696,1,1
47,4,9,33,7.1,1.19493,1.14807,2,1
30,12,9,98,7.2,2.935296,4.120704,,0
44,12,5,86,13,1.47576,9.70424,2,0
25,0,2,18,18.9,0.513702,2.888298,1,1
41,6,0,36,19.5,4.51386,2.50614,2,1
22,0,1,18,7.7,0.47817,0.90783,3,0
35,3,11,40,17.2,1.80256,5.07744,2,1
42,6,23,190,7.8,3.15666,11.66334,5,0
38,3,19,23,14.7,0.831726,2.549274,1,0
23,1,3,18,18.7,0.885258,2.480742,2,1
28,2,5,30,19.9,1.52235,4.44765,3,0
52,19,25,,4.7,0.397385,3.785615,1,0
25,9,2,20,3.5,0.105,0.595,1,0
28,1,4,16,14.7,0.573888,1.778112,2,0
43,19,11,79,7.5,0.7821,5.1429,1,0
24,3,1,24,19.1,2.172816,2.411184,2,0
34,13,7,52,9.2,1.497392,3.286608,3,0
29,6,9,25,4.2,0.58485,0.46515,2,0
31,6,9,21,8.3,0.728574,1.014426,1,0
42,14,1,48,8.6,1.201248,2.926752,2,1
49,11,1,51,15,0.54315,7.10685,2,0
39,22,9,73,14.3,3.726723,6.712277,1,0
45,0,19,22,4.2,0.030492,0.893508,3,0
41,7,22,32,2.9,0.072384,0.855616,1,0
29,9,0,46,1.6,0.241408,0.494592,2,0
35,7,5,38,15.1,1.382858,4.355142,3,0
27,5,6,25,6.8,0.7055,0.9945,2,0
28,4,7,19,4.1,0.286672,0.492328,1,0
48,17,22,66,3.2,1.46784,0.64416,1,0
24,2,5,18,6,0.52812,0.55188,1,0
31,6,12,33,4.2,0.14553,1.24047,1,0
43,10,9,69,6.4,0.410688,4.005312,1,0
42,3,10,24,10.6,0.666528,1.877472,1,0
51,31,14,249,7.8,4.27284,15.14916,2,0
22,4,3,19,23.1,1.88727,2.50173,1,1
37,6,10,31,11.7,1.701063,1.925937,,1
22,1,3,,13.8,1.97685,1.47315,3,1
49,2,13,20,16.9,0.37856,3.00144,2,1
29,9,8,30,8.2,0.15498,2.30502,1,0
42,2,16,30,9.7,1.47246,1.43754,1,0
34,15,0,67,13.2,3.741012,5.102988,1,0
34,9,7,27,1.7,0.295137,0.163863,2,0
32,5,5,43,15,1.806,4.644,2,1
42,18,23,66,9.6,1.641024,4.694976,2,0
24,3,0,14,16.1,0.838488,1.415512,1,1
34,16,9,48,7.6,1.473792,2.174208,1,0
26,10,2,32,4.7,0.126336,1.377664,1,0
30,12,9,68,20.1,2.856612,10.811388,2,0
32,4,3,16,28.5,0.89376,3.66624,1,1
38,13,18,25,5.7,0.343425,1.081575,3,0
43,10,24,37,8.5,0.676175,2.468825,2,0
31,9,8,53,13.5,1.194885,5.960115,2,0
,10,18,123,17.3,3.021618,18.257382,4,0
37,4,11,20,21.7,0.1736,4.1664,2,1
41,12,11,,26.5,4.99101,17.79899,3,1
32,0,4,20,3,0.2634,0.3366,1,1
22,0,1,35,9,0.7812,2.3688,2,1
32,12,3,63,18.2,5.549544,5.916456,2,0
,17,23,41,9.5,0.455715,3.439285,2,0
40,21,21,46,6.2,0.966828,1.885172,1,0
31,8,1,22,6.7,0.369974,1.104026,1,0
34,7,0,27,2.2,0.125334,0.468666,3,0
52,13,17,234,7.7,7.38738,10.63062,4,0
28,2,2,17,2.5,0.199325,0.225675,1,1
38,15,18,63,13.4,5.090526,3.351474,3,0
33,10,4,26,3.1,0.030628,0.775372,2,0
39,9,12,32,6.6,1.429824,0.682176,2,0
47,23,11,115,4,0.6532,3.9468,3,0
36,11,8,49,1.3,0.272636,0.364364,2,0
29,7,2,84,13.6,6.91152,4.51248,3,1
48,14,10,59,16.5,4.935645,4.799355,4,1
38,12,18,64,5.8,0.894592,2.817408,3,0
46,9,26,15,4.3,0.014835,0.630165,2,0
27,5,4,42,19.9,2.707992,5.650008,3,1
54,18,34,114,8.5,3.2946,6.3954,1,0
27,0,0,,12.7,1.419225,1.755775,4,1
23,1,0,17,1.6,0.011696,0.260304,1,0
41,23,2,91,13.7,0.573482,11.893518,1,0
24,3,5,15,11.3,0.072885,1.622115,1,1
28,9,0,22,27.7,5.283498,0.810502,1,1
26,0,0,14,10.5,0.25578,1.21422,1,0
24,8,0,17,5.6,0.569296,0.382704,1,1
49,22,4,79,7.3,0.28835,5.47865,2,0
28,3,1,36,8.6,0.383904,2.712096,2,0
38,6,17,18,13,0.13104,2.20896,1,0
33,2,9,37,4.5,0.834165,0.830835,2,0
26,8,4,25,4.7,0.210325,0.964675,1,0
36,9,1,40,9.8,1.97568,1.94432,1,0
37,16,14,50,36.6,7.32,10.98,3,1
25,0,1,18,33.4,2.801592,3.210408,4,1
29,9,2,33,4.8,0.693792,0.890208,1,0
27,8,4,38,6.9,0.364458,2.257542,2,0
45,17,0,62,15,2.4366,6.8634,1,0
37,9,8,57,5.5,1.357455,1.777545,1,0
29,3,6,26,6.1,0.537654,1.048346,2,1
51,10,1,44,13.2,4.960032,0.847968,1,1
22,0,0,23,8.4,0.372876,1.559124,3,1
30,7,10,30,15.7,0.26376,4.44624,4,0
31,7,2,20,12.3,0.1107,2.3493,1,0
28,2,0,18,14.8,1.939392,0.724608,1,1
35,10,16,,5.7,0.217854,2.005146,1,0
25,1,1,34,8.5,0.13294,2.75706,4,1
32,5,0,28,14.8,2.594144,1.549856,2,1
33,2,10,24,9.6,1.041408,1.262592,1,0
28,3,4,41,25.1,5.896743,4.394257,2,1
46,4,17,73,5.4,2.223288,1.718712,3,0
41,24,12,83,14,6.58854,5.03146,1,0
42,11,5,73,6.8,2.869192,2.094808,2,0
41,9,13,47,5,0.4371,1.9129,4,0
26,3,5,29,25.7,2.526567,4.926433,1,1
47,27,8,113,9.2,2.380684,8.015316,1,0
29,1,3,18,25.6,1.98144,2.62656,1,1
34,3,14,36,4.7,0.624348,1.067652,1,0
36,7,2,43,6.2,1.03974,1.62626,1,0
38,7,4,64,3,0.65088,1.26912,2,0
41,4,14,26,19.2,1.47264,3.51936,2,1
46,9,23,31,13.8,1.617084,2.660916,1,0
40,3,15,55,16.5,1.751475,7.323525,3,1
44,17,0,129,2.5,0.551475,2.673525,2,0
35,10,15,39,10.4,1.60212,2.45388,3,0
36,20,15,,5.4,1.05624,2.18376,1,0
28,0,3,30,4.8,0.12096,1.31904,1,1
29,6,7,18,5.1,0.44982,0.46818,2,1
23,3,3,22,11.4,1.274064,1.233936,2,1
41,7,17,63,15.4,4.637556,5.064444,2,0
25,1,1,,6.9,0.190095,1.120905,1,0
45,2,19,29,5.4,0.443178,1.122822,2,0
48,30,14,148,7.2,3.974688,6.681312,2,0
38,18,7,45,7,0.5355,2.6145,1,0
29,6,4,,5.4,1.169964,1.314036,1,0
42,15,8,186,3.6,2.403864,4.292136,4,0
31,11,12,47,10.9,2.863757,2.259243,1,0
40,3,13,23,6.9,0.409446,1.177554,1,0
26,2,6,21,19.8,1.022868,3.135132,1,0
25,6,6,22,20.2,2.261996,2.182004,1,0
53,7,11,61,7.9,1.874591,2.944409,4,0
50,18,27,102,14.1,5.781564,8.600436,3,0
47,31,9,136,23.1,14.231448,17.184552,1,1
23,1,0,21,8.4,1.210104,0.553896,1,1
37,12,8,83,4.1,0.319882,3.083118,3,0
41,24,15,100,11.5,5.06,6.44,1,0
28,0,7,29,13.3,2.148349,1.708651,2,1
31,7,11,41,30.7,2.995706,9.591294,1,1
41,6,1,19,6.3,0.124488,1.072512,2,0
36,7,17,40,9.9,1.69488,2.26512,1,0
41,1,16,19,4.4,0.241604,0.594396,1,0
53,16,31,44,5.6,1.333024,1.130976,2,0
31,6,5,25,11.5,2.331625,0.543375,2,0
28,5,6,25,2.9,0.338575,0.386425,2,0
48,28,25,70,12,4.3344,4.0656,1,0
23,0,1,42,3.9,1.018836,0.619164,2,1
31,11,6,34,6.8,0.298248,2.013752,1,0
27,6,6,43,4.9,0.882833,1.224167,1,0
43,11,17,37,1.3,0.179894,0.301106,1,0
29,5,7,28,18.7,2.125816,3.110184,2,0
53,6,7,27,6.4,0.594432,1.133568,1,1
38,4,9,19,13.6,1.245488,1.338512,1,0
30,12,10,38,8.5,0.17119,3.05881,1,0
28,2,0,20,9.4,0.23312,1.64688,3,1
36,11,2,33,32.5,1.26555,9.45945,1,0
48,15,5,60,2.1,0.3213,0.9387,1,0
31,12,9,24,6.6,0.441936,1.142064,1,0
35,16,10,57,10.5,1.143135,4.841865,1,0
50,4,4,23,12.5,0.140875,2.734125,1,0
42,12,9,55,15,2.53275,5.71725,2,0
40,2,3,28,7.1,0.184884,1.803116,1,0
37,0,13,31,0.9,0.118017,0.160983,2,1
31,6,8,54,2.8,0.402192,1.109808,3,0
38,11,13,35,8,1.2656,1.5344,1,0
35,15,1,77,10.6,5.501188,2.660812,1,0
44,24,10,101,5.6,2.992024,2.663976,1,0
44,21,14,113,13.2,3.192024,11.723976,2,0
33,0,12,23,0.9,0.077418,0.129582,1,0
35,7,14,29,4.9,0.264306,1.156694,1,0
36,10,4,43,13,0.96148,4.62852,3,0
23,3,4,24,6.3,0.55188,0.96012,2,0
27,0,7,18,12.8,0.582912,1.721088,1,0
34,6,1,,1.2,0.04248,0.19752,1,0
35,0,5,34,11.1,1.369962,2.404038,1,1
24,4,4,20,3.7,0.32412,0.41588,2,0
48,30,8,101,6.4,1.87456,4.58944,2,0
26,8,1,40,11.8,0.44368,4.27632,2,0
40,6,9,36,2.1,0.390852,0.365148,1,1
34,9,8,48,9.3,0.419616,4.044384,1,0
35,17,4,42,3,0.09324,1.16676,1,0
30,7,2,33,25.4,1.165098,7.216902,1,1
20,4,0,14,9.7,0.200984,1.157016,1,1
36,1,17,30,11.5,0.3243,3.1257,4,0
21,1,1,16,6.3,0.14112,0.86688,1,0
34,18,10,53,10.5,0.840315,4.724685,1,0
35,7,5,39,16.1,1.701609,4.577391,1,1
35,1,4,20,7.9,0.8532,0.7268,3,0
34,10,1,33,10.3,2.501664,0.897336,1,1
33,12,12,68,10.8,1.365984,5.978016,1,0
30,4,2,18,10.7,0.227268,1.698732,1,0
24,0,5,16,7.3,0.024528,1.143472,2,0
47,31,8,253,7.2,9.308376,8.907624,1,0
,0,26,,28.9,2.754459,5.048541,1,1
22,0,2,20,4.7,0.21902,0.72098,3,0
48,6,1,66,12.1,2.31594,5.67006,2,0
36,6,15,27,4.6,0.262062,0.979938,2,1
29,6,4,21,11.5,0.369495,2.045505,2,0
33,15,3,32,7.6,0.491264,1.940736,1,0
45,19,22,77,8.4,2.302608,4.165392,1,0
37,12,14,,14.7,2.994684,3.473316,1,0
